address,block_time,from,tx_hash,value
0xaf5aa899b4cb042ca482966a539aae8adda7b4c8,2023-10-31 19:26:07.000 UTC,0xc87ba4572c5f1cf805980a516e28bbb4a92e398a,0x1c1d5d0c3aa29d65d435602c44fa384c2dde571ad82ad045483192db6818888b,237077.27
0x398690dd572370cdf79c5f90b2e26dc8829c3e07,2023-10-10 12:16:45.000 UTC,0x81a7fadb697ba8e3df1725ad37d1a3600c5eb74e,0x01888d1e07c6835ed8ba91e63a096efb20ef68a04d1b81517ff41a13fb570b82,43458.06
0x00000047bb99ea4d791bb749d970de71ee0b1a34,2023-08-31 06:43:50.000 UTC,0xca2a489cb8ab1c5c56933a319ec386f44377d778,0x754ee24b5f2e1c30e3417b208d12ba29fe8ecd8b3873d6f06434b64e5b54c4a9,7055.00
0xe94dab0accafad4ab8337508a4ac5eb1dfedb77e,2024-01-01 22:38:33.000 UTC,0x9fc54d0e8ea487c1769ef80d458378e2c7dd1013,0x5bd56af99bef0d8ffda71e32dcd5de1395ede6f19eecde05e79052355339ebde,4677.17
0xad3b67bca8935cb510c8d18bd45f0b94f54a968f,2023-10-31 09:00:57.000 UTC,0x97f67434677f8b5b4bbb405f8b825699f9bc69a4,0xee1c8004ed23507dcc62419cb6f834e7a9f631b4ffc6dbeeeabfd2204fc26e96,3106.17
0xad3b67bca8935cb510c8d18bd45f0b94f54a968f,2023-07-06 11:48:04.000 UTC,0x97f67434677f8b5b4bbb405f8b825699f9bc69a4,0xab320097da48244c3e7f61c17ac3f136c665cf6a7060db7051bffe2f8090841a,3106.17
0x00000000013ba09898c0b3ad61a204834c697e9a,2023-08-15 21:40:23.000 UTC,0x5347e7468fd1c2b93c9b00a6da413dc434d50291,0x95f4ece1b0e47a26755fc3125530257e3f63ae55889d0fe4f5aa705cea256b0e,1519.63
0x0000000000001b0ead393ec554c5230004590aa4,2023-09-15 23:37:06.000 UTC,0x6666369acd16820623ca9889832df4b3ef5e4202,0x77336b22109c8e6becca9b42abba60b0e6ad835f77b17fc267881c429ab34ffd,680.67
0x0000000000001b0ead393ec554c5230004590aa4,2023-09-06 11:25:11.000 UTC,0x6666369acd16820623ca9889832df4b3ef5e4202,0xa77c664484ac182cae7b32be851e47a4b580489dac9ec41c5c68cf2338e1505a,680.67
0x0000000000001b0ead393ec554c5230004590aa4,2023-08-31 12:24:01.000 UTC,0x6666369acd16820623ca9889832df4b3ef5e4202,0x336bc45848a91cba89de2f31dd1a1f44ac6bfd9f161e2fd655e0cb7700efd0ce,680.67
0x0000000000001b0ead393ec554c5230004590aa4,2023-08-29 13:32:56.000 UTC,0x6666369acd16820623ca9889832df4b3ef5e4202,0x115353f0146784e7756d47488ada7294169f7532de25f9835bd456e8166ccedf,680.67
0x0000000000001b0ead393ec554c5230004590aa4,2023-08-25 13:39:44.000 UTC,0x6666369acd16820623ca9889832df4b3ef5e4202,0xd750e403565cb65584966e785e88b9a02b0de4ee6f32a083bd89eb87fd28ee5d,680.67
0x2665ec1ef440478b4a0c4da844a1672c3bc5047d,2023-09-11 13:28:36.000 UTC,0xd9a4322473a87b9d89204acd027d23db148d4312,0x7d6e32dd41ea03c1bb742a8a7a3e1c0dd635133aae99ac011687b1a28db2833d,485.22
0x9ca12ec794a9a2f3324916c852cf65aba0ea7375,2024-02-10 12:23:42.000 UTC,0xfda2a3c6639d0b5fcf515a09704dd310b9119486,0xdbea4050ff6c8dab0c4d6a34d3a9eee10f1b8fd052f547586c0f75bc0f065a99,464.66
0x2a87c81a1490544edef2bdcee0cc70b931c57703,2023-08-17 16:20:18.000 UTC,0x09da08045830492b24b3b8a0022375e662bbe91d,0x57eca10cb8c2395ff7599db383ebe241a78596d8ecea024eed52e1b127e2d101,427.93
0xe25ddfa33b90990d701673758da7b76a58a836da,2023-10-29 22:01:20.000 UTC,0x617eb5daaabb433f97c741c5b09a9083b88ba0d7,0xefcdd8fad08a0b150cfdc03cd902e6cc7096c8cd3534933430c40f1a626c3e20,294.77
0x46284ff2c97ca76269586f89636d2770021bb60f,2023-12-15 14:17:51.000 UTC,0xe00ff807569d537afa8069d766283adc0cacf2be,0xf6c009c727d13b2b319ec7ab7c8dd48e56c3f9463e9be80a2406cfd0b6d8fde3,275.07
0x3c348af01c217e1d63e3f798e59e2040814e72e4,2023-06-28 09:24:39.000 UTC,0x2728cbc173b1e098442a083733b25c91de49b4dd,0x10eb579c14c8017991bfc1f2a8479e27245ae036c5ec0a7aa2363f6391356bf5,242.47
0xc6d285abab93d96e13c8e80ad50751cec901e12a,2023-09-06 02:42:13.000 UTC,0x2728cbc173b1e098442a083733b25c91de49b4dd,0x9d04e03857bd0fa855f1c986ac3d0b109d147ebaaf5fc98dc83122bb3b165e7c,168.72
0x7f67ca90d0887ff46b027b6e282e4a1b13bff845,2023-09-12 08:53:09.000 UTC,0x70458c17e45eecb8a77c61004af86a7a6dcf0b33,0x868d4525b06d054da01bfaded0a5c7bfb1e133ee86dee7457766536e7340a5ca,146.65
0x6ab5e695b041bea2faaf604edf6910661ba5d3ed,2023-05-02 12:12:36.000 UTC,0xf87e2e7c574843a65eb39b7b3f2e18f56e75450a,0xb95140327d11ef7edefe2767567ee004a1302dce0bb7ad31614e5e705fd25d2e,110.24
0xa1f075a23ea54a9dcac9c764874e019068b6af3a,2023-05-27 16:12:15.000 UTC,0xaaa85d882c0aa0d5bc070dadeeb730aed3fe11c1,0x1cf057d3f027352cb8f62ec433a8f919e78f2d8880dbe1fc8c2d416670ebc1a6,102.33
0x6ad814c0971e4271d50b64c101b000c2e76e3e16,2023-12-15 16:02:49.000 UTC,0x529e867a86eec90079c4bee60774d86473f32042,0xe511087c0950ad31587361c1ce5b41d4fdcc69e7750b0e0f26459b9b660eb919,99.72
0xedc94232a8ede362ff062459f4940b5794c5a7f4,2024-02-28 05:34:37.000 UTC,0xe00ff807569d537afa8069d766283adc0cacf2be,0xa931061f6b35b3c3a547641f50cf24554ee46abb5d3807ce4863eb6255862c4a,83.89
0xb5e3102eb840bbb66004d75d24abf400d6758034,2023-11-08 14:55:55.000 UTC,0x2bd9bf06088034c67a5ba420f8c3cfc477fe9f62,0x341b8c3103ba6ee126eaa5adea384e3d0e9ad6f1a9e65502161c096f91fc38b7,83.13
0x4e81e6f6e84730fe7df485849edaa73b08c1dbd0,2023-11-17 12:41:36.000 UTC,0x768e67eb1926cee22b3d76f0a75f87d9b89ab448,0x10fa5575507b5cca10a76066b6f3e02369d805773b01c5819a30fa60f8c9d519,82.40
0xe784c24141debb13b3b513eb16d4156d9811f04b,2024-03-06 08:20:50.000 UTC,0xe6956c7f11f24ae84527cae29aff84920e5187e9,0x1a9e5584db0a1243ab4c414ed916822be6dd36d5fa7a685a984afa4b12e4db43,61.54
0x1a9747ec3863c86fada41a26baa0e185836578c4,2023-11-22 01:59:49.000 UTC,0x8fb7887e57a9ec9cf5f199e64eb8cb3739a4b04c,0x758f6f215dcb6f757d37317f2002501ba6c884ceffcb0436cfa734d48ffba37f,53.35
0x75ab076a00d76478e5fcc21cfd95113802f06d23,2024-03-21 14:03:14.000 UTC,0x5406a813625e3b8b0cd62b04d20a5447ca2f19ef,0x87c6f8dc5a4a70f021789d68a43ffd002488479ae2d8778c2891923eb53d29d6,51.52
0x6f2ba90986bf53d828a988202cfd74d46a1f0163,2023-11-22 08:03:26.000 UTC,0x8fb7887e57a9ec9cf5f199e64eb8cb3739a4b04c,0x8f89f42003a00739fc296f93d85f2f3f43ea3cb2f7cbce48e20db62adec5f518,47.81
0x000000000000b6b4c2dc4f3f12159df0163f67e9,2023-10-31 04:00:48.000 UTC,0xd569a171d32801df490e731b0f096774a9499e8a,0x0535f44c7312b4294e59a06718c2ca442afe0feb436addbaaa8061845ef2c5af,47.23
0x000000000000b6b4c2dc4f3f12159df0163f67e9,2023-10-31 02:50:55.000 UTC,0xd569a171d32801df490e731b0f096774a9499e8a,0xd5daa959647ed2f6d20f0c685bb6e0e6ff600431d27897df218cd5e25a72225f,47.23
0x000000000000b6b4c2dc4f3f12159df0163f67e9,2023-10-01 03:08:23.000 UTC,0xd569a171d32801df490e731b0f096774a9499e8a,0x765e477abeeda9feedb8851ca1facb97389f89d8e8ee25305a97005a5b83a69a,47.23
0x000000000003a3c2878a1df56a486c9683220456,2023-12-05 16:49:56.000 UTC,0xff833a77816894855b03ee32aef6cbb65eeb0f90,0x18ed7c06a81ad94e49ae7330f552e3052b7d5e5015a6ba390e50f059e12dc09d,41.53
0x000000000003a3c2878a1df56a486c9683220456,2023-12-02 06:26:20.000 UTC,0xff833a77816894855b03ee32aef6cbb65eeb0f90,0x7c524302396175c29d01a6143fb148d8a1dd6eda3790234d0e0411e15d6b7f34,41.53
0x000000000003a3c2878a1df56a486c9683220456,2023-10-13 16:29:06.000 UTC,0xff833a77816894855b03ee32aef6cbb65eeb0f90,0x55b8416c0357a261f8cb7250d4a487ca0009831c62f58f3460632b3da55f3d80,41.53
0x000000000003a3c2878a1df56a486c9683220456,2023-10-08 13:40:45.000 UTC,0xff833a77816894855b03ee32aef6cbb65eeb0f90,0xc864173ae8af3bdeb2941e13739f92ab85cf347b5b551c8792558d6bad154da3,41.53
0x20b0daa4234e2de6a31d3f7ea82f5f7adba91ffe,2023-08-25 10:05:20.000 UTC,0x3d73afbb4b3de6870898ecde8d13b2d198e2f8e2,0x6e74d60570429b5b94f1a32b4a0ca082e73ccd411dd58767992de39d55b6ddce,38.77
0x72308430385db7c79abe3be4ad68eff5ac902d74,2023-08-31 09:43:58.000 UTC,0xd9a4322473a87b9d89204acd027d23db148d4312,0x1e8ed11e7a9af4ed4e29454e74f555615ab19a1b007eee39fa246d58e5db458e,36.47
0x7ee7875490eb1b6e8f1e050a635e2b23f7a6baee,2023-05-01 11:00:42.000 UTC,0xb58637d2a119a22fe3f5f7772f8be63237320c8f,0x82987596925686ac67ed0f51ea517ade74d99a5658dacb929176bc7d090f384d,33.24
0x07533fafe0883bdda75da82ea5f2ca41d262ab03,2024-03-04 04:01:53.000 UTC,0x68ead0e6a1a62f1b1e3e3a1fcc8e8ff4d5f89387,0x8f41b22ed1f2cd2ecd6f87b47efc0bae933574416b70105d4eeade1fb38ee61e,29.64
0x756c8941b1b86f998bac68469f91b9d85e08ccab,2023-07-01 17:47:07.000 UTC,0xcda20f2c2256b3982686a7bbeb7648804409a060,0xf6dd5cc75ecb1e42623a88d4290776b1e01b899597110db06abaee104ef1059a,26.50
0x66b602d9276860f870352307b4dd379e01a73bb5,2024-03-14 07:49:29.000 UTC,0xe283f10a6da4d0b1ba31cdd8c59315f7c202b213,0xd149269b7df2629eaa70603bfd0e69c97928e5fa353c1f34a351ef33b5730db3,24.94
0xd3fd6b0db6524589036b2df2dbf602ab4ee18784,2023-11-22 09:13:54.000 UTC,0x6937621eb8787e6a81806b9b495b9b7353834aa0,0x37728247d42c9357a8708f0ee5297685d8a0b47f5f9db549e943202b88837ebb,24.93
0x698f7bf5d05949f5171be3305e4d7b9523805ecd,2024-03-01 16:09:42.000 UTC,0x453ef60c0070642c39c93f80d532d20cbe31205b,0x939c62a54c937c44b0404c885f917fc74907b9ffc7d496fdd2c4ac0a9cd9a860,23.27
0x15ffd1d02b3918c9e56f75e30d23786d3ef2b5bc,2023-11-09 02:35:08.000 UTC,0x7cb74265e3e2d2b707122bf45aea66137c6c8891,0x00be1efadf619bfca09059a25b76af3cd1413608074372c594856705612c2e3b,17.71
0x0000000000016a723d0d576df7dc79ec149ac760,2023-10-02 22:25:31.000 UTC,0x0b6abb6be5e22138793a3ac230312d58d13b93e1,0xae36939bb927ba2ab3f4a0187bb1e59a395d4c2daa044ee134daeb26ea0f404e,16.28
0x0000000000016a723d0d576df7dc79ec149ac760,2023-09-04 15:50:17.000 UTC,0x0b6abb6be5e22138793a3ac230312d58d13b93e1,0xd8f3fc941b1ce6d3e3d1a6eb69e0847af7b5daa55edbf4d04a103b8f4854f81b,16.28
0x0000000000016a723d0d576df7dc79ec149ac760,2023-07-24 17:47:50.000 UTC,0x0b6abb6be5e22138793a3ac230312d58d13b93e1,0x76e538a1ca5c8ebdec31d08c99f686358731e1009f91967e762d2b1019136036,16.28
0x0000000000016a723d0d576df7dc79ec149ac760,2023-07-21 22:23:48.000 UTC,0x0b6abb6be5e22138793a3ac230312d58d13b93e1,0xacdf05935456dc023f6b48f394da6bec4027d0eacc85f17df946669a656d7eaf,16.28
0x0000000000016a723d0d576df7dc79ec149ac760,2023-07-21 17:56:52.000 UTC,0x0b6abb6be5e22138793a3ac230312d58d13b93e1,0xdafff6312ff1b66a874a4ad1adee06927bf8adb9fa646c8b1daf250d5ec814c5,16.28
0x0000000000016a723d0d576df7dc79ec149ac760,2023-07-20 03:21:12.000 UTC,0x0b6abb6be5e22138793a3ac230312d58d13b93e1,0xda48e14472700a83739d7d3f1d7dea1d3e4ecc3c773a40254b0a5c3506e215b2,16.28
0x0000000000016a723d0d576df7dc79ec149ac760,2023-07-10 20:59:07.000 UTC,0x0b6abb6be5e22138793a3ac230312d58d13b93e1,0x4c62d86d0a973246ccd67a928bcd57c680a0dd2f792edeeb2531ffe4e0e38352,16.28
0x0000000000016a723d0d576df7dc79ec149ac760,2023-07-10 16:11:37.000 UTC,0x0b6abb6be5e22138793a3ac230312d58d13b93e1,0x9c650bccf02dc126718a227d06787648f92b27197a85ce0ac2b5c1eed79dd3c6,16.28
0x0000000000016a723d0d576df7dc79ec149ac760,2023-07-07 00:12:58.000 UTC,0x0b6abb6be5e22138793a3ac230312d58d13b93e1,0x163a9b801ca8d67bf829c6284ac65b72fbe0c453d7230e3a832f6d5143ad54f1,16.28
0x0000000000016a723d0d576df7dc79ec149ac760,2023-06-26 18:39:34.000 UTC,0x0b6abb6be5e22138793a3ac230312d58d13b93e1,0xd59c12e6c7ec5c97d6f99d88094504c7484630c143ee627f765a3d7005e89805,16.28
0x0000000000016a723d0d576df7dc79ec149ac760,2023-06-26 16:15:02.000 UTC,0x0b6abb6be5e22138793a3ac230312d58d13b93e1,0x5c26c2d8b78f5ade9513c7186aa6ed206377d8d878f46bbac778bfa9bcd0b44e,16.28
0x0000000000016a723d0d576df7dc79ec149ac760,2023-06-16 19:55:18.000 UTC,0x0b6abb6be5e22138793a3ac230312d58d13b93e1,0x100a1e0ada30189360803ae6e183ba5786698693c4b26936128a00f40f8052f3,16.28
0x0000000000016a723d0d576df7dc79ec149ac760,2023-06-16 17:04:49.000 UTC,0x0b6abb6be5e22138793a3ac230312d58d13b93e1,0x4da72a0ffe9e37fcfbd5ecf772dfa4047aabed935267f8e56707156649651afa,16.28
0x0000000000016a723d0d576df7dc79ec149ac760,2023-04-17 16:35:18.000 UTC,0x0b6abb6be5e22138793a3ac230312d58d13b93e1,0xa8e2cce4b2ab701ed9ece3f6b00465bfe17a5f96369943666b70efc88b5b5010,16.28
0x0000000000016a723d0d576df7dc79ec149ac760,2023-04-17 00:26:17.000 UTC,0x0b6abb6be5e22138793a3ac230312d58d13b93e1,0xe84db1387de362a268c5c6f26113643306c01ad0892d4be569d0ab367e8f02fb,16.28
0xa9bc9d27b040944388f1d43d7ed65584aa692b17,2024-02-26 16:30:30.000 UTC,0x131c03ca881b7cc66d7a5120a9273ebf675c241d,0x3e93a53fba13c00652b0427d76b559f5cc116c1230b8be2c45ff53e6866500fe,16.25
0x090083e7466492df42d6d1af5f3b57d3e83754a9,2024-01-27 02:08:12.000 UTC,0x15aa22c14e1fb7dca9de3bc617f6d64b7a02898e,0xf717b4258c135dcca61cb91cf5ad156b6e492f1d9e44e57c436bc6d0f9bf7be7,14.84
0x12045b943bca156c27f741b7b57212e314e7af10,2024-02-29 07:30:07.000 UTC,0x15aa22c14e1fb7dca9de3bc617f6d64b7a02898e,0x10de30dbece8585c707a1911be729f845472dc2189c5403272a6411e4b866fd7,14.59
0xf1c795c607a4551b89c4a7e03add53bca965d977,2023-10-19 13:35:29.000 UTC,0x81a7fadb697ba8e3df1725ad37d1a3600c5eb74e,0xbef006fd48b7ae03e90559fc1f38e8c20a088a1439f62ce93e02e053a0cfc1d6,14.47
0xbd6fc97b9cb9bed7b1061ee31fa239bf09a17b27,2023-05-11 05:02:38.000 UTC,0xddd10dd23a2c56c454834c18601fcda3e787a0d1,0x2f51e31db49145bdad85bfd4a65415bf5477acdd07a5bfdc9d2fecb25d278091,14.10
0xbb8568465015788d414da2f0ff3ba14206bf6905,2023-05-15 18:40:05.000 UTC,0x1d8c350bd8e7a2316b18fefc9c05d7ff67f58070,0xc53456bfdf2b4322336fbc886ce1c19a54f73508182a792bc3eecba9be8e7b13,13.57
0xbd99e1e7f49cfa5b266ca73dcf68ca0ddafbc426,2023-09-01 16:52:39.000 UTC,0x6aebd5b8c3d58b10a4a329486d7b46772fd18692,0xbcec203f0cdf888c5bf7fefef62df0f6d9e348d41e2793abc1a63f078cf5e5ac,12.59
0x0000000965a39dd6d81e69fdb2c4bb4790bb76ef,2024-01-08 04:29:56.000 UTC,0x4bd22b196c19ff738413ca74e1cf41bbd200eb32,0x488c69fc77a39ba1074226953920fed4ccf236fd13af96f129e0e4da091da23c,12.42
0x0000000965a39dd6d81e69fdb2c4bb4790bb76ef,2024-01-06 03:15:00.000 UTC,0x4bd22b196c19ff738413ca74e1cf41bbd200eb32,0x3f7a0f5cc9e3c4523597040d067e8af3a9fb3caa660b291a16387e7af1b8ad49,12.42
0x0000000965a39dd6d81e69fdb2c4bb4790bb76ef,2024-01-06 02:08:29.000 UTC,0x4bd22b196c19ff738413ca74e1cf41bbd200eb32,0x3a5ac4c2b43a3bf0f3f51da3d68e62061fdf043569fa263d410ab696e56b8ef0,12.42
0x0000000965a39dd6d81e69fdb2c4bb4790bb76ef,2024-01-05 09:01:23.000 UTC,0x4bd22b196c19ff738413ca74e1cf41bbd200eb32,0xc0727d8ab9dc3e3e776fe4384a72c261061313f4f7f0cb501e7d41e93a653211,12.42
0x0000000965a39dd6d81e69fdb2c4bb4790bb76ef,2024-01-05 08:49:14.000 UTC,0x4bd22b196c19ff738413ca74e1cf41bbd200eb32,0xcd3bb017df4cd6d6269157dbb6def4009dfd00d9d9d17e138f6b15130b820448,12.42
0x0000000965a39dd6d81e69fdb2c4bb4790bb76ef,2024-01-05 08:28:49.000 UTC,0x4bd22b196c19ff738413ca74e1cf41bbd200eb32,0x1d4cb7fd087f471b45dc3d89b80d6b9b40f36d21f8273d040cd202ddbf4bc6af,12.42
0x0000000965a39dd6d81e69fdb2c4bb4790bb76ef,2024-01-05 08:22:34.000 UTC,0x4bd22b196c19ff738413ca74e1cf41bbd200eb32,0xc4090162b7225cebda4e58c2c1524a6aafde01b7d3a0c4966ee8af2bc439a52d,12.42
0x0000000965a39dd6d81e69fdb2c4bb4790bb76ef,2024-01-05 08:00:57.000 UTC,0x4bd22b196c19ff738413ca74e1cf41bbd200eb32,0x41fdb234c40486c4b150d300808f75548e318769063f1ef480c4c682987943d0,12.42
0x0000000965a39dd6d81e69fdb2c4bb4790bb76ef,2023-12-09 04:15:59.000 UTC,0x4bd22b196c19ff738413ca74e1cf41bbd200eb32,0x201ce45dd32236081630f283aa0ed20d79204f3bbf517d79b869fc128481a3d7,12.42
0x0000000965a39dd6d81e69fdb2c4bb4790bb76ef,2023-12-09 03:26:39.000 UTC,0x4bd22b196c19ff738413ca74e1cf41bbd200eb32,0x66b5b95cc8ce791ff415be0c62e337a2cf56daf46c1545ff5bd2a39f9775d8bb,12.42
0x0000000965a39dd6d81e69fdb2c4bb4790bb76ef,2023-12-09 03:08:00.000 UTC,0x4bd22b196c19ff738413ca74e1cf41bbd200eb32,0x7887016b4817c22ca200e569479a37b44512a37084f84514386494a349cbc3ba,12.42
0x0000000965a39dd6d81e69fdb2c4bb4790bb76ef,2023-12-09 02:35:48.000 UTC,0x4bd22b196c19ff738413ca74e1cf41bbd200eb32,0x432325bacc6e4a159e75bcd2c56440fab73f99e3298cb61e834b7aaa4984cdc9,12.42
0x0000000965a39dd6d81e69fdb2c4bb4790bb76ef,2023-12-08 09:20:23.000 UTC,0x4bd22b196c19ff738413ca74e1cf41bbd200eb32,0x5812e990281a1417c5f23850b9882a37030a9c3b0ac3d93a15cb4ab24203e9f7,12.42
0xb4ffd3166e354fd8cebc0394fd7cdbf8873de205,2023-09-29 10:00:15.000 UTC,0x49897ab56a658dca1db3c7db33250417ddbed8cd,0x2825025da51632fd6ba3447bfb8970a6626f407c57d532f3aaa324f831c54b0a,12.38
0x00000000004de36091e514dd23087e3cfce3a7e5,2023-12-11 16:15:27.000 UTC,0xa86a9cc325087baea6ee3f1ffe2cfffb3463dda5,0xf0350c20e8ef21debd39234ce3d4e0e43ec82d9563a78d80181e025d933cd46d,12.27
0x00000000004de36091e514dd23087e3cfce3a7e5,2023-12-08 15:36:01.000 UTC,0xa86a9cc325087baea6ee3f1ffe2cfffb3463dda5,0xd566bdacac682d09eab7c6446ed5328225342555264e86f811036254d6a72ec1,12.27
0x00000000004de36091e514dd23087e3cfce3a7e5,2023-11-30 15:18:14.000 UTC,0xa86a9cc325087baea6ee3f1ffe2cfffb3463dda5,0x70120870fe674466d7347d11629247ab2f0cc606f56534c02c53dda63acce6ee,12.27
0x00000000004de36091e514dd23087e3cfce3a7e5,2023-11-29 14:44:03.000 UTC,0xa86a9cc325087baea6ee3f1ffe2cfffb3463dda5,0x9f80d238c18447faddf76394f346427c2d24efbc1f37897253f92256cf7cf040,12.27
0x00000000004de36091e514dd23087e3cfce3a7e5,2023-11-13 15:37:43.000 UTC,0xa86a9cc325087baea6ee3f1ffe2cfffb3463dda5,0x7d6a8324ec24fc821cb97544e2d28cd963cfea4378c61eadfd3900851e580492,12.27
0x00000000004de36091e514dd23087e3cfce3a7e5,2023-10-20 14:37:24.000 UTC,0xa86a9cc325087baea6ee3f1ffe2cfffb3463dda5,0x86534c4cf23bc06395598f7dbedb7263d487c74b4c06c123b62263bdc0034f3a,12.27
0x00000000004de36091e514dd23087e3cfce3a7e5,2023-09-30 12:06:58.000 UTC,0xa86a9cc325087baea6ee3f1ffe2cfffb3463dda5,0x6c40e32ee5a438e89157a0357781c3451e5713684ab4cf918d1c95abc9bc6dfa,12.27
0x00000000004de36091e514dd23087e3cfce3a7e5,2023-09-15 20:52:54.000 UTC,0xa86a9cc325087baea6ee3f1ffe2cfffb3463dda5,0x1d457dbbba433766bb811d7c2f228e798913dc88d86a3f82b4e8b497ccf615f4,12.27
0x00000000004de36091e514dd23087e3cfce3a7e5,2023-09-13 13:36:36.000 UTC,0xa86a9cc325087baea6ee3f1ffe2cfffb3463dda5,0x8c1d8e2d28f434b4a846dc74f248bbf1aece8dbcd8b8432d10550a7ac57728ec,12.27
0x00000000004de36091e514dd23087e3cfce3a7e5,2023-09-01 14:28:22.000 UTC,0xa86a9cc325087baea6ee3f1ffe2cfffb3463dda5,0x772cd5f74fd832af88aeaeca9106a1e2e2a73b10292e9828b53ec55c1ab2a521,12.27
0x00000000004de36091e514dd23087e3cfce3a7e5,2023-08-30 14:58:54.000 UTC,0xa86a9cc325087baea6ee3f1ffe2cfffb3463dda5,0xa42cae20d6de00ae091cb0d71efada1702683fa6d4c54bca981bd2dde91ce224,12.27
0x00000000004de36091e514dd23087e3cfce3a7e5,2023-08-23 09:05:49.000 UTC,0xa86a9cc325087baea6ee3f1ffe2cfffb3463dda5,0x4a0335339abc2ddecab8bca8ed1625abe7b94c383d8663b1676206e0c3ae7811,12.27
0x00000000004de36091e514dd23087e3cfce3a7e5,2023-08-11 14:34:18.000 UTC,0xa86a9cc325087baea6ee3f1ffe2cfffb3463dda5,0x56535fc04a7b68fd95f3f19e82892e259e126103b1658990c50a999375d7bd03,12.27
0x00000000004de36091e514dd23087e3cfce3a7e5,2023-08-04 10:10:15.000 UTC,0xa86a9cc325087baea6ee3f1ffe2cfffb3463dda5,0xb3fe05db4d57c07ba220b5432be7851847fe78af01285d1aa7bdb06f55da570a,12.27
0x00000000004de36091e514dd23087e3cfce3a7e5,2023-08-04 07:08:34.000 UTC,0xa86a9cc325087baea6ee3f1ffe2cfffb3463dda5,0xa0f4a1529b447fb9a3190454fa14ed041dfb42b484e1baff8b62cc6bce0b570f,12.27
0x00000000004de36091e514dd23087e3cfce3a7e5,2023-07-27 12:58:54.000 UTC,0xa86a9cc325087baea6ee3f1ffe2cfffb3463dda5,0x5f0b1b49df7535cf147f3a9214be08722e217d94b5ed9e3d7a487c5c3e5b4762,12.27
0x00000000004de36091e514dd23087e3cfce3a7e5,2023-07-04 22:03:01.000 UTC,0xa86a9cc325087baea6ee3f1ffe2cfffb3463dda5,0x599debf67146e7c51b4c2f3fd98beb7af234b398d8f4e5fc8c3d972c16ae97f2,12.27
0x00000000004de36091e514dd23087e3cfce3a7e5,2023-07-04 13:59:52.000 UTC,0xa86a9cc325087baea6ee3f1ffe2cfffb3463dda5,0x149cdf770a42ea877cb878923e4b88a6b9833c877ea82a2b69a238d5447f78b9,12.27
0x2b7baff101d22c52833da6441779acd36649f545,2024-03-18 00:06:12.000 UTC,0x2d3b34f53958bcc0c188d8d4a4791bb8b7512f22,0x8290d89aff07c1167017e29994840f8f487a7a398eaebd34aecbd4a2e8f5a19a,11.87
0x000000006728dd94ba6bf98e15fcabe4ce880f62,2023-08-12 07:42:54.000 UTC,0x05b5aede54c127c9728ab96fcda4d45549d923b3,0x3306866123f898dc23a68c3c7ebce522923468b89e2c1a40107fc986a436563b,11.37
0x000000006728dd94ba6bf98e15fcabe4ce880f62,2023-08-09 12:31:53.000 UTC,0x05b5aede54c127c9728ab96fcda4d45549d923b3,0x627caaf8a7988f6fb062eb93b1393a7e6a332d0c321c9ece623f0df83cd0422c,11.37
0x000000006728dd94ba6bf98e15fcabe4ce880f62,2023-08-01 13:47:05.000 UTC,0x05b5aede54c127c9728ab96fcda4d45549d923b3,0x7a58bc67ef54b61c750614297363e992900b7cbefbfe98600311bd45968bb403,11.37
0x000000006728dd94ba6bf98e15fcabe4ce880f62,2023-07-23 19:40:21.000 UTC,0x05b5aede54c127c9728ab96fcda4d45549d923b3,0x275471e0b19bf681848cbb83d8593e7ccbaf1d2c3ac7f60801eb7290e1aa4990,11.37
0x000000006728dd94ba6bf98e15fcabe4ce880f62,2023-07-23 08:59:16.000 UTC,0x05b5aede54c127c9728ab96fcda4d45549d923b3,0x45c4da6b6631d3846f096283cec3e961366e8ffa1c800ddbb669d91d202d6930,11.37
0x000000006728dd94ba6bf98e15fcabe4ce880f62,2023-07-21 11:58:10.000 UTC,0x05b5aede54c127c9728ab96fcda4d45549d923b3,0x4842c8b3e42fd43a1f9e687167b2eb4c5370eecdb3c83c1c2889818de06fb67a,11.37
0x000000006728dd94ba6bf98e15fcabe4ce880f62,2023-07-21 09:07:56.000 UTC,0x05b5aede54c127c9728ab96fcda4d45549d923b3,0xb3028b20ebc2f8dbee6e96367de19212fc2f4580744f1bb24e6835db84ad6501,11.37
0x000000006728dd94ba6bf98e15fcabe4ce880f62,2023-07-17 16:08:28.000 UTC,0x05b5aede54c127c9728ab96fcda4d45549d923b3,0x6f12d5926cd69eacfb5eecb22f0926bf9cfc7bf7e6317531db63595f5cc65a40,11.37
0xe88c548b228dcb8af17dd2c61cda06a4d6c510be,2024-02-26 13:43:28.000 UTC,0x14c611ea55ea2d96a3d413e33721b716bd147fad,0xbb006d3e7dc4a56d7c659593036bdf1153a26a4beb45b18822534e92ca721351,10.10
0x6ee336f1ee41a0dec0c00c2ef6c84bb331f1d8e6,2023-09-12 03:21:39.000 UTC,0x422d88a5d9ee9976dddfb2b62a6685d8f6844a4a,0x7364f7623a5be41ac794f24da7ff3b716ceb082396f1f45560ce980f6c2b901f,9.79
0x962ac538f29c22bbb3b008330f35bf3518f16e79,2024-03-04 09:54:08.000 UTC,0xe283f10a6da4d0b1ba31cdd8c59315f7c202b213,0xdba29376a4f17cc1505d9428cd2e3fa131e22ba1b2eb4d52448d8e5f3a0e1737,9.35
0xfd9943db497c7244476b4fbdedc318d72209c949,2024-02-14 14:37:34.000 UTC,0x94444ed5ba55eac16578f48ee3bc9cb33d541f2d,0xfa5468139606f82ee7ad06da494871ed03a5d3794fc71a6fb9181298aba2dd83,9.31
0x9a9b6b4b1ca6272ea2083542702ab1672fe0967e,2023-09-18 10:54:46.000 UTC,0xcc5d15a95d9435f5659d4ed16d074a4a9cc2eb39,0x8a687586bd63819f370cd1b8388d5da0da6b10f473a4f20850fa09d634334d72,9.03
0x7d5b8b12be8c10d165395f30e30a415d1ba527bd,2023-12-14 06:09:56.000 UTC,0x0608d26cc33803effb47f3eaca2c4390db97cdc4,0x579a585870623c66cbc061151d0cfe35fc57295aa07b70a1d6fb8523c294c4d1,8.45
0xa869fbd4a3de7e1d23778333c2a9bab96e069f42,2023-11-21 08:24:36.000 UTC,0xa87eb67e22caf16c855dd169b08dce2ba195a171,0x2f978d4d617841c6683361ccc80b93c26c31a5d5feb2949541501ac9d78ded0b,8.41
0xbe08018ff2605a594e12048f7c50f415540ca3b6,2024-01-14 14:22:59.000 UTC,0x58b33f99c5eaf2e121feb09d78f4819ebe3db40d,0x2d152ed539ee816125f6be07bba7345ca0cc41da9b84d04e83098667d3d57c8c,8.31
0x500dade924ccde90fe0b85a3dd8580b081a49609,2024-01-03 14:35:09.000 UTC,0x6c0d77805efe0eee5fc200b33893c9daa4be4141,0x44b91ae7adf148b76c047bdc2446b61e9e282fc6a31ad3c9c3748f4f855c5a12,8.31
0x8963b37587d8624f3db620f2ea29150b7f57a7da,2023-08-16 18:12:06.000 UTC,0x8910d98902f3fe4e516f0282da8b0d7942178190,0x98c1aa0edc14071a49d5985aabe0fe93a44a2ea940c2aa52e86c708e0a6095e9,8.31
0x843d85cf233ca3c4d4f2207f414f79bad2877b74,2023-09-20 15:06:29.000 UTC,0x6aebd5b8c3d58b10a4a329486d7b46772fd18692,0x398f5fb36fe2e5916309539a8670138a63fa33f5f448741fce15f8bbb5caabec,7.16
0x61ad09bd5e576a7cc6059fc9d057f513c9973448,2023-12-30 19:04:02.000 UTC,0xb835af52422a14c917d4b37b36c9a73d24770261,0x303070f8ed27b7fc8cdb2aaf8334c04246244c5ae6629ae2d02db470c5fc7849,6.99
0xaf338f571eb1a7419b8759ea4bb05980df92bbcf,2024-04-01 08:12:44.000 UTC,0x591ff62e65c13fbe6d10459bb109fb66b2a85aed,0xc77dd062a34d96afd26a84e1eb0a5738c94d8b85239a8949999c147c72272bce,6.91
0xef50beb4cadb2c16de59ff9bf6c105840143c8de,2023-07-05 20:00:54.000 UTC,0x6a28a8e0e8e0acc222a9feeda81c98fae3227d64,0x5120a543efedb6a06890569fc5434dc6464cc2403e6f1fd3c05ddf7d68c72420,6.54
0x69451b0e4267bf077eb7b51f80cc7087b1ecc81d,2024-03-22 07:54:16.000 UTC,0xe283f10a6da4d0b1ba31cdd8c59315f7c202b213,0xf3473baf730949b673ab57b0f0ddb852761ca2520f57b1029315e11696405cf6,6.52
0xed4ed3b5e91a4f5547ba9fb1c3d15fc01dac75ae,2024-02-07 02:27:25.000 UTC,0x15aa22c14e1fb7dca9de3bc617f6d64b7a02898e,0x81ef37d263985db85367db49c9b6054c8979aab9da598f21924e5b8c9b32fbbf,6.48
0xea59f47f9e5b01165c633d1bbb50821db3bffc6e,2023-06-14 08:25:24.000 UTC,0x0b872acfd38de47e0446f12e4ea7a634ad8a4c3a,0xb89a7617803c48fd22a0a191fe4cea7d0ad4c3fe7047d8e50c60a612da8cb4f5,6.44
0xa932d71f2a055d118bbb83f43a6d4c1446b3374c,2023-11-06 04:52:16.000 UTC,0x573be16ccc8760db069731aa14fe559546224d31,0x1e1db7b4061e7146ce7160ed66cdd7ad3d6313f93887ded12a2bd71e5809c63d,6.40
0xada5b5350e558a7277d0e9bdf4a1a7b51dce0cc8,2024-03-12 03:18:38.000 UTC,0xaa157d63ce8b299218b0ee6ea9ded5d56acac2ca,0x2f6a4a46d91a49ee5ca334b94a04e2c4555f0d5cf083117186f7d29bb8802b0e,6.29
0xba28b3951c418656ce207071838edc3879da6f20,2023-07-31 19:54:26.000 UTC,0xb5c54ee8017d9f0858f303e3ebdee6d8a369bb79,0x14305fed6a4573e370afbb0daa66b99d8027cdc34602bdb36e573ca726eb76c1,5.99
0xbddbcbaa9cf9603b7055aad963506ede71692f12,2023-10-26 08:49:57.000 UTC,0xbac1afb8a926f98b3a82b576d3df462a5c5cd60b,0x224444b8d9cd0223d80758cf867b24a03eb87dcd583b0e975b6ad27ef84d7a90,5.94
0x80d9d313d2170cb51a769f9dbd0a11f97be28a07,2023-07-20 17:54:53.000 UTC,0x131c03ca881b7cc66d7a5120a9273ebf675c241d,0x53c934fe496b4b923ee628b34ac7872ec6ce2f49d5e3b663f7fae11c4e82c7a8,5.56
0x0cbbab5ab03e320f4b9fcc1cda444abce4c76bbb,2023-04-21 10:54:04.000 UTC,0x41e3d4a9b206fe56a489ce9b6a3cb5d7b07a9000,0xabc652cf2a222c01c1e098a5a9f698b1cca0e1bd90d994d327bfcd0167d8008e,5.54
0xa45993c25b34bf97f056722fff90c00798fe48a7,2024-03-21 05:50:25.000 UTC,0x97da894370c249623d3c643f75620578801f7a9b,0xa9cefaa0597c660059ee4dce93f1613af7b244fba1c3278b0fd6723f04d862f9,5.47
0x2348a2e2b65f6d55314bc901a28eaf772aad329b,2023-05-14 14:24:20.000 UTC,0xadd04b024593f76d5c1717354bd463ee22367680,0x7105e0714e92c4f111bb61a78abcb1fab6c3a25d2cd570f33ccc3f94b7f56a1e,5.09
0x00000000066f02e61a296e9f877ea4930c1622f2,2023-08-22 03:32:31.000 UTC,0x5347e7468fd1c2b93c9b00a6da413dc434d50291,0x729a4e2b7ae4e3da67e1e992f98e477e2e65961aa69dc9d9712bb78dd71fa4da,5.00
0x00000000066f02e61a296e9f877ea4930c1622f2,2023-08-18 15:21:43.000 UTC,0x5347e7468fd1c2b93c9b00a6da413dc434d50291,0x1823992fe7270a5012662d9f4fd8c22343f1facb2d9b1c45c937829bf8fa1223,5.00
0x00000000066f02e61a296e9f877ea4930c1622f2,2023-08-18 15:11:43.000 UTC,0x5347e7468fd1c2b93c9b00a6da413dc434d50291,0xb27caba1c5f843f5936dc066655811e414a55217859bf3ebb8c37b9706fdfaf7,5.00
0x6caea71a343b29835aedf47a8a833a90265546d1,2023-11-05 09:49:33.000 UTC,0x0fff928de90334c62fffc05a7c529f06d94df69f,0x9fbc461b45882a2c6113f05422ccff6d87a1bf33b21065c25227855a29eb3b36,4.76
0x2e10a65d49ea492b9a4eb6e3bff1d4a579a87b0f,2023-12-04 12:43:02.000 UTC,0xcc5d15a95d9435f5659d4ed16d074a4a9cc2eb39,0x9818ebb7ef3b117b4f554d06c5da70236e2362981e8e5c749fc08d5112e748fa,4.74
0x098badcde33d3c802e0d1409b4486431f5e8cae8,2023-05-14 15:40:37.000 UTC,0xadd04b024593f76d5c1717354bd463ee22367680,0xe8743da8604468848a816025d9f70903517e5b3f41ccceab9cb3f19d8b0e5866,4.59
0x18a352c4f66ee12c260fd0490216924c57eea11d,2023-08-15 16:17:31.000 UTC,0x8910d98902f3fe4e516f0282da8b0d7942178190,0x3a0dbd748c0de4a040ffcec483f9990f471ea6848d4b8f421f74590a53d7808d,4.16
0x97ac74d28817928f4d64f95e7e7fe7a66381ce65,2024-02-06 23:59:22.000 UTC,0x3d9aa4983e2401a678af3aef4c2a1b05ac77c124,0x2b0952597e00d993d0168412755144cfce485cb56f8a2ec75ed92994915064e3,4.10
0x25f1424bb72e3c8bacbfc2372b65b29931590430,2023-06-20 05:56:08.000 UTC,0xf576c7f17bc5a834f8bfe6f810a09eb44818c739,0x7a02b2f81ea83980b514eebccc025fa7bf4759cf465d47dee28f633fd5f7bf0f,3.89
0xf1730d58bf5cc9ad32719909617e255ddfeec645,2023-05-15 04:19:52.000 UTC,0xadd04b024593f76d5c1717354bd463ee22367680,0x878cdd1f9d5220298955356a9c9b6490c64031d58c5aa26b3c52d4e8cbfd5405,3.72
0x266c942125df6b0f4081d6244aa5084c399363f2,2023-09-27 09:44:43.000 UTC,0x13354a8392fc72982758d00dfc6fdbc79c0f8a96,0x087906dc3c406d171659d83e85e31610a9951aeb372eba5868264be961f7652b,3.45
0xc8b731becc15e9ef2d6d8e5ce2d5c2436c067ab9,2023-05-17 14:28:30.000 UTC,0xaaa85d882c0aa0d5bc070dadeeb730aed3fe11c1,0x0361a353f09c5372ab8e3b2b880c186df2a48167903e8d6bc91cb14a6653b6bf,3.22
0x31b82a5c1c68709e6296ebbc4e6a2a9a4e99402a,2024-01-29 17:53:41.000 UTC,0xecea185f14deeaa708c9be8bf45b1798eb0b1938,0x04ebbba6abd9fc74dac99bdb16052c9978a6b272c2ca5ab6adbdbbb04090bbdc,3.09
0x5de8614704e68cf4b817e1567025a06876788f56,2023-07-23 12:47:56.000 UTC,0x57f74883a44ac31dd7e66e4ca2d02bf71a7986e5,0x63c66dd89b827391eedf986c46df4d17a62dcfeefd9e1f87a55324f83b5454bb,3.00
0xbc1d5625054bfb572cc762d71a6f1edc1b34791a,2023-05-15 15:38:21.000 UTC,0xadd04b024593f76d5c1717354bd463ee22367680,0x32bdbb815e9dcde504579aae11b3eedad63cdd9ba92c76dfb2fe6af778e59e93,2.96
0x049c2b6ab04e04e4a0323ace6c625720c0383d01,2023-05-16 04:33:36.000 UTC,0xadd04b024593f76d5c1717354bd463ee22367680,0xa5c721f7edfcfaa50ba52a2d9d5c8ff72e223d96ea5e2de34ddb1d1d7df1a2d7,2.81
0xd5dd2dae69cb6f2941ea1e4d1bf9c5cf713aae97,2023-11-29 01:04:09.000 UTC,0x0e1ee2c36fa45a07db2f99624afd99c02869cfb4,0x121ed23a89700a03b9091cea72a78da0bf29c6b41364029f129f959bcf83e0ad,2.67
0xaa6c7ecb10f2b1f0ad969807db74e7dd20e23f05,2023-09-10 06:59:19.000 UTC,0x422d88a5d9ee9976dddfb2b62a6685d8f6844a4a,0xc1d25df66a1a00116a95c51dadfad62a7bd0b58b984ec6144cede7a0647d97bf,2.66
0x48d30e1315a931fbb23dca8350a3f12a49998606,2023-05-16 19:46:50.000 UTC,0xadd04b024593f76d5c1717354bd463ee22367680,0x63bb1a8d3ec5c0100aebe17392665580d2b96678c3a5b565232c36181c1a5a27,2.49
0xb5b88809839e8c96c78c6424c2634a08be21f2f3,2023-05-16 04:57:24.000 UTC,0xadd04b024593f76d5c1717354bd463ee22367680,0x059fafc2c3d824fb9d4db3af5ffd78bc9c24210c72e432c73ec384b9c9610941,2.48
0x9ecd08b180d10f2a6d9907cd0180594edf9c335f,2023-12-01 02:28:15.000 UTC,0x0e1ee2c36fa45a07db2f99624afd99c02869cfb4,0x21f38ccbacd450d32e8384a4786ee16479d2eaa3e82e448a6876c53351aa2214,2.47
0x0000000055eca968153aeffa4e421f9cd2680f01,2024-03-18 02:45:21.000 UTC,0x06a690817db140efe8cf1752c4fbea9ad8ec4c88,0xbff9fc3e5f53195f751a40a28a9c3e2dfecf2aeace7b217020db116db9179df3,2.43
0x0000000055eca968153aeffa4e421f9cd2680f01,2023-12-08 03:25:13.000 UTC,0x06a690817db140efe8cf1752c4fbea9ad8ec4c88,0x0ee9edd8ccc8713c591019cc81347ce949e8ee393d175934b3654e88e7981922,2.43
0x0000000055eca968153aeffa4e421f9cd2680f01,2023-11-15 06:43:15.000 UTC,0x06a690817db140efe8cf1752c4fbea9ad8ec4c88,0x703a8f2296aeefbeea208e738db21bfd4f76285fbd03668296e101213a966bf6,2.43
0x0000000055eca968153aeffa4e421f9cd2680f01,2023-11-02 07:28:34.000 UTC,0x06a690817db140efe8cf1752c4fbea9ad8ec4c88,0x21fe9e0e4393aabd623a08fc60c7f3d7290d0b899908a2258b44e30028068f1c,2.43
0x0000000055eca968153aeffa4e421f9cd2680f01,2023-10-07 05:26:46.000 UTC,0x06a690817db140efe8cf1752c4fbea9ad8ec4c88,0xe602ec9768a0db71fbd2f95e26e6b3a06fdd8ac5b0fafe7e79f11a3afd0a38db,2.43
0x0000000055eca968153aeffa4e421f9cd2680f01,2023-08-30 11:50:02.000 UTC,0x06a690817db140efe8cf1752c4fbea9ad8ec4c88,0x20b5a9f085ea757a2ff3dfe93c264f4ca47cdb5a3ee08bead5baa512029b5fda,2.43
0x0000000055eca968153aeffa4e421f9cd2680f01,2023-08-08 09:48:23.000 UTC,0x06a690817db140efe8cf1752c4fbea9ad8ec4c88,0xb8260049c8f740f4a0986b03d19f61370ca66ba705995fdb462d0e567439c3bd,2.43
0x0000000055eca968153aeffa4e421f9cd2680f01,2023-08-08 04:26:19.000 UTC,0x06a690817db140efe8cf1752c4fbea9ad8ec4c88,0x77858d281eb1d80f7b9a8af600f3ba3dfac10e6ddcf704956a2b5b9a3440bfc4,2.43
0x0000000055eca968153aeffa4e421f9cd2680f01,2023-08-04 06:35:10.000 UTC,0x06a690817db140efe8cf1752c4fbea9ad8ec4c88,0xbbdb9156bc20e4f85a7acc3bdc6e9695dec00e2da597ed7273169be63a37c00b,2.43
0xb9331844b48b50265489d2f1ff8d17dfeaded843,2023-09-14 13:54:36.000 UTC,0x81a7fadb697ba8e3df1725ad37d1a3600c5eb74e,0x8b3be6c3c1e3439183e1e60ce3c387c371531554932370481304155077beb75e,2.42
0x42fe934d55236c9e479f9e6d77beb4f8fa3fe244,2023-08-14 22:53:02.000 UTC,0x8910d98902f3fe4e516f0282da8b0d7942178190,0x80ea9896d2e226420cae8d85a56c6d72ef406b829b27a8727d12aab62baae3e5,2.39
0x2b1a7a457a2c55ba1e03c087cc3e4e5b05b6360f,2023-04-05 14:57:09.000 UTC,0xc980ea192477c1b1630f678ef83351bd5574137e,0x31c38347a062849703e5aa5e0b3179a7ebd67770fd496aff78537902fac1408d,2.21
0x59f9be84de3958cab2b4f0a49cc10ea456971380,2023-08-28 12:31:13.000 UTC,0x81a7fadb697ba8e3df1725ad37d1a3600c5eb74e,0x1ff8bfbdcb2783edc2debe9e712abb1a05b6b3b692d38c4591070e6c8064577f,2.20
0x814bec9b2eca16e73f2379b3ce7f00c39b999d75,2023-04-24 03:01:39.000 UTC,0x3f2007cdef657719c65ec77e71b7487d16f0fa00,0xd29cb25f95cb60012693c4975f770ae7aba95788b5dc2aa9886ee2de56ab9a35,2.11
0xa08577666acfdc4a3e7bcabe9d268e69351c1048,2023-09-16 15:41:24.000 UTC,0xbfe113546f705cdca3f1085a9316a812c87f9de0,0x4cf35a22a468cb88737d800ef4dddb9dadf39260e2d8662696253957b9526263,2.10
0x98c6429b5d6d3139fbfcbbf7085e804ece720764,2023-05-16 04:48:33.000 UTC,0xadd04b024593f76d5c1717354bd463ee22367680,0x4d96e0a7a040943a9ba41a42e56e8086fb189ad119265cb3bbe68238c83e7872,2.08
0x4c3916eeb580a43bb29bc451a52729b21da38434,2023-11-20 16:37:54.000 UTC,0xe3d9565094f7747dbe9ec12ac9944761369da092,0x8fa516810d8c88f670c69c8e8cfcc59f4c14127e597b3bd683881b8e80968523,2.04
0x9085ffe65ec6f36971401bd2a79bde80e34b96c0,2023-05-17 14:59:18.000 UTC,0xadd04b024593f76d5c1717354bd463ee22367680,0xa286cc01ae587c3d65978c135ef3f8a9e98292468d49f56bb1a3ca7b53651152,1.99
0x47cf640fde0997952457e6ed2c7a3851c13e7b32,2023-05-16 22:21:40.000 UTC,0xadd04b024593f76d5c1717354bd463ee22367680,0xc3add9f4167aca546a903d35e78554e9c4ee55671fd524c16807048315b7893f,1.99
0x0d99cd7078e02a69e1d2883afa3b2fdb859d117c,2023-09-24 20:58:40.000 UTC,0xbafebca5fb18bc4a4d977ccda98f2c6ca9951020,0x909d8713c323d5e9236ee765f6e8cedc2547ff4a5b00b3cbbd88d33cced3f2c2,1.93
0x074a69a594b10884631d22e7a24a66a9adb5dad7,2024-03-01 15:55:15.000 UTC,0x254e9627e36e54436f763d6232d94c4d55a5c029,0x1f665e63368ba4a159d4bfe5e3129cc8856153a489f9c120ff9dae429417219e,1.88
0xf0f9edaa8c700bffad7da89da0fd899fe1a1494c,2023-07-23 12:47:59.000 UTC,0x57f74883a44ac31dd7e66e4ca2d02bf71a7986e5,0x6544d10fcbd3979018d04bd85038bf3778bf64575e8d16bfc0bf311a07a3f496,1.82
0x5103876e6dd5918d7be070b189a74327da2456d8,2023-09-07 08:07:50.000 UTC,0xa1dd0138907840f5f48b26be6603b7e12fa851d6,0x72ca7cd4b7f810b870950a9d2c6148409867f53f52d7065003c0d19529715d1c,1.76
0xbea3fab0019e7d64c657b657c9b04b00fb0f7611,2023-05-26 12:46:55.000 UTC,0xaaa85d882c0aa0d5bc070dadeeb730aed3fe11c1,0xff6d3b489d9b8b99902cb3d0dc7bf2fc1f52e924ad2d2cad6c7cc11ed5c9bf4d,1.50
0x6f3b454100e6b4bdeea0662128b0787a4b13f301,2023-09-06 10:02:39.000 UTC,0x09b32d717b62aa512bfefc373e8a638ad5ba4931,0x5fcc8db074e8a2170d6aa7d205ff1514554ee58b0935084c1e19ec2d234eb660,1.47
0xc4fc2baaba6afa9ee626bcb00725e0c05edda093,2024-04-09 18:21:31.000 UTC,0xaa157d63ce8b299218b0ee6ea9ded5d56acac2ca,0x6e2da8e9a246e29f3f2bddbba68217bbd95537188632f3fd4a8e7b9fa0113a06,1.40
0x0c9e83f840f47ea0000a924284b484f3aab21754,2024-03-18 15:57:49.000 UTC,0x295200294dba9e5abe7f647d0dfb695a2b85e717,0xb31f55ea4c886ffa12c89bb14117f3fa9c1a4610f275c000849fe21758966173,1.28
0x000000000751b0a1b19e70704d53ff2291d45a34,2024-04-08 06:26:55.000 UTC,0x00dbcaa2bbd8c155b7338e7de8324373a31c1d06,0xa0386098cf28390b02c8970e5b50d2374c5d72ba7fd4914aaf3a71e543615f29,1.25
0x000000000751b0a1b19e70704d53ff2291d45a34,2024-02-26 09:29:34.000 UTC,0x00dbcaa2bbd8c155b7338e7de8324373a31c1d06,0xb83d0113326ff2caf52f750c722d13dd4a385d7c267afd6b7fe5fe10c385e3db,1.25
0xf4b7aef001ba05d13f504b142a2b2870eed87c36,2023-07-06 16:12:58.000 UTC,0xf576c7f17bc5a834f8bfe6f810a09eb44818c739,0xfe18b1003e03552334847b09652a94a810f9344d026fc875251d5deec6769350,1.18
0xf5790b26f7c02b4dd37018dd3fef34a910ebd2e7,2024-03-01 07:31:47.000 UTC,0x15aa22c14e1fb7dca9de3bc617f6d64b7a02898e,0xc5679140dc6ca83134b53e09957a5ed6fac0df7c8601433215c10122fc253709,1.12
0x92930942a256c182f97cadf4adb26bfc8f835456,2023-07-09 13:21:01.000 UTC,0xf576c7f17bc5a834f8bfe6f810a09eb44818c739,0x6376903f150dc8a03970ed68e70e409fe900b99e5f2b3584c09ced637cdff546,1.08
0x141e7368aa4dc854dea6e5c42d8b8ba8b9454ac1,2023-08-28 10:12:16.000 UTC,0x13354a8392fc72982758d00dfc6fdbc79c0f8a96,0xe5e0bdfd171338f685d35ced1751aa5fa62ef6780596591127d13acabf873164,1.01
0xdc96dd69a351ab58555db291cf698c07a248f0df,2023-11-25 02:52:23.000 UTC,0x8fb7887e57a9ec9cf5f199e64eb8cb3739a4b04c,0x297fca8d05c73c7b25df2ca568d8efc8ecef5edf243d79d874c36b8c8e8c8f23,1.00
0x9208d805b1008362ad6334024657990f1b6ef895,2023-10-12 02:47:07.000 UTC,0x8be2912ffa447db54525fd367691dd4ab48dd7c0,0x9c326ce82433f2ea4d6a838b5e6e73df9865de738fa5d07c6748a98d032543bf,1.00
0xb6ce4b5cfabd8ef46b94afa450ec2412df0f3b35,2023-07-10 07:56:44.000 UTC,0x876afb09fc15b4b3d4d526e45686069fd6fcf7b6,0x85b50f7b4df3021aa2d01b5a4f6efaf720a8e0a040e5122a61ba296acde9b636,1.00
0xed1e793506a595812b0a6610720900a6cc846b62,2023-07-04 03:47:32.000 UTC,0x909942e6b958da899d776e05d67838cb6d33949b,0x83a28081a4f7ca1d8fe877a140620d97054a5122113fffe0228bcdeef10b4d9b,1.00
0xf9895e0e25c9350e107e3d46bfd848bc38c5ac0d,2023-12-25 00:20:33.000 UTC,0x15c800c7b9459cb603b6aff8886402b92cfd83b6,0x56c7f9de67dadbc7148d8c783b4493aff11bccb9c2737db7e19b4548f1ddce97,0.95
0xf9895e0e25c9350e107e3d46bfd848bc38c5ac0d,2023-12-11 07:04:38.000 UTC,0x15c800c7b9459cb603b6aff8886402b92cfd83b6,0x373adaad8f00f37fb49c199ecbcffe67646c7160148f91dead6afc4aa9e1104e,0.95
0xf9895e0e25c9350e107e3d46bfd848bc38c5ac0d,2023-10-24 10:18:49.000 UTC,0x15c800c7b9459cb603b6aff8886402b92cfd83b6,0x455185ff9ee44d22b53e1283891db834d1456cbc6751214f22ab89510286fc56,0.95
0xe0e4c6d1943becc7198a2fc2d9dc0976a76e3d7b,2023-11-22 19:46:22.000 UTC,0xe3d9565094f7747dbe9ec12ac9944761369da092,0x8386d6ea9e1cafc86bb85906d2be9a9cc6cbc67683ab7e4b43c8ce702b702d27,0.93
0x17de18316a6503546ae79a98f6b187b50e81aad9,2024-02-27 07:45:11.000 UTC,0xbc281cd7ba605be2e6a5e06b2cd6c91b2ce89fb0,0x4c84679c391175d191e8dd69826fdd48bbd3d4a20fa33b627b437b4ae2cfe835,0.92
0x6c57141535ef42ee1ce9fdca57d4a81929556c0b,2023-09-07 09:25:27.000 UTC,0xb5c54ee8017d9f0858f303e3ebdee6d8a369bb79,0x95cb3d1bfb6c84edbdfa24c4c055b706d9bbef17c3c6597feb16abc29fdba094,0.90
0xd031fd9bbad2ffe6946cfacc43bfbaf4ed5e2bc8,2023-07-04 06:12:08.000 UTC,0x909942e6b958da899d776e05d67838cb6d33949b,0x8995c89eaf15e1eb7d5943d3c218314b55aeb525497ea40cbbb0924fb53d4ed3,0.86
0xa5ef9590a6a4ad804442f118710d793dee6d4f52,2024-01-06 16:10:58.000 UTC,0x6c0d77805efe0eee5fc200b33893c9daa4be4141,0x40bd56e5f46cf2a53b7e4399718f8e2761df981573a0de2f28d4f18b745a17f0,0.83
0xed47cb88d97681f903ec4d1a9b68f9310d4b0c61,2023-12-11 09:41:13.000 UTC,0x6825913d0e5177fc30af1ce0138d8e585c314a7f,0x2d6605c9f0ba9bec20400c29cf2f26d1e8e4b9daea444c40f88b096370150b24,0.83
0x421586f30b27bc50abcacd75bd4df0e612ded252,2023-08-06 08:37:51.000 UTC,0x38e1b8d64efa0374076cbdfce544aa98a632f838,0x5a18cd2fc4c0788d2c172a4150d52974d1d170c0a4ee5e93110af56210ee72f9,0.83
0xac6c124d2299c466ad8b67c6d329a9b8072c8e54,2023-07-20 20:37:27.000 UTC,0xbafebca5fb18bc4a4d977ccda98f2c6ca9951020,0xa51c21d69246211ab37aa8b4bcd41a36ffdd58439368abbdb29dcb1fdbdb7411,0.83
0x41d05e84ae5a2c9ba7a70e6a9bf839ccfe8353e5,2023-07-13 14:34:58.000 UTC,0x2eff937a39fb6b5368bf4f9b4bb86e2f75b35ef3,0x2b9374e7fea16798b00d8c653dad15b649a9c1221402b2e5f13a239cffdfd7b4,0.83
0x6799dbdfad650190f2f9bcb8673829ea5abecc17,2023-05-26 06:51:38.000 UTC,0x8e658e1383929f5f635778bb2adfdfd5811e99db,0x4c2a5c6815ae803fe2e266a52bab0d547a46d83b738cef129558e48e9902500c,0.83
0x6e66862b4dacf922cb1364004d1c556d09b36c85,2023-04-04 03:40:07.000 UTC,0x18b0f99ee1bf59f882372167ac58dc428df4356b,0x97133f932f9e3d60c81e38ef4ea180619f27f9629d79b5ebeee559464da7bd30,0.83
0x16a506bf70bba764d2cb821f89889f40545c6953,2023-07-13 15:22:03.000 UTC,0x2eff937a39fb6b5368bf4f9b4bb86e2f75b35ef3,0x91c3b2319b52c22c22338b9a287c505cd0862e01dc254386dc9d4573fd8a80f2,0.82
0x2739ab4742520c8031aee31349ea6b5a1d9f28bc,2023-11-18 09:53:45.000 UTC,0x0000000000ffe8b47b3e2130213b802212439497,0x223c04ef0177bcf6be012af23036cdabcaee4558f10fbf158f9a8129b8c05cb1,0.80
0xa4dfc589c89ccaced843123808a30f5b54ff41dd,2023-08-23 10:12:44.000 UTC,0x777336ae2cef9ddc261a61a97cbfb4e0aa7d1329,0x26d426570dc173242707a199542ade9fe0921b3f38c5167b1eec632e2ca50794,0.80